metric,pairs,rho_mean,rho_median,rho_min,rho_max,n_common_min,n_common_max
ca,1,0.705518,0.705518,0.705518,0.705518,45,45
cc,1,0.976434,0.976434,0.976434,0.976434,45,45
ce,1,0.597101,0.597101,0.597101,0.597101,45,45
instability,1,0.461949,0.461949,0.461949,0.461949,45,45
lcom,1,0.634387,0.634387,0.634387,0.634387,45,45
loc,3,0.975194,0.965262,0.962613,0.997707,10129,10129
