metric,pairs,rho_mean,rho_median,rho_min,rho_max,n_common_min,n_common_max
ca,1,0.776299,0.776299,0.776299,0.776299,45,45
cc,1,0.817053,0.817053,0.817053,0.817053,22,22
ce,1,0.747679,0.747679,0.747679,0.747679,45,45
instability,1,0.467676,0.467676,0.467676,0.467676,45,45
lcom,1,1.0,1.0,1.0,1.0,45,45
loc,3,0.9751956666666667,0.965263,0.962616,0.997708,10129,10129
